plateforme,registered_players,purchasing_players,conversion_rate,number_of_games
playstation,356600,46582,0.13062815479528883,33468
steam,424683,102548,0.24146951961816226,45093
xbox,274450,46466,0.16930588449626527,14470
