,plateforme,mean,median,count
2,xbox,17.14646544181977,14.99,8001
0,playstation,12.108334650089402,7.99,24049
1,steam,5.968044393417528,3.91,78390
