,plateforme,pourcentage
0,steam,52.42847501993906
1,playstation,23.815415448168675
2,xbox,23.756109531892267
